command,mean,stddev,median,user,system,min,max,parameter_VAR
cppcheck -q --error-exitcode=1 /home/tests/npd_gep0.c,0.007605707880000001,0.0018294276593768238,0.0081825135,0.00582912,0.00160914,0.004345667,0.011001957000000001,/home/tests/npd_gep0.c
cppcheck -q --error-exitcode=1 /home/tests/npd_gep1.c,0.00697767284,0.0019243784039274033,0.006167659000000001,0.005060240000000001,0.00164948,0.0043209270000000004,0.012083792000000001,/home/tests/npd_gep1.c
cppcheck -q --error-exitcode=1 /home/tests/npd_load0.c,0.00840742734,0.0005084669805409523,0.008388938,0.006707920000000002,0.0014998599999999998,0.006491546000000001,0.00937544,/home/tests/npd_load0.c
cppcheck -q --error-exitcode=1 /home/tests/npd_load1.c,0.008510369100000002,0.0007921902268560854,0.008404129,0.006400000000000001,0.0018892199999999998,0.006593288,0.010748666,/home/tests/npd_load1.c
cppcheck -q --error-exitcode=1 /home/tests/npd_store0.c,0.010475005860000003,0.002699746217559846,0.009721249000000001,0.007627219999999995,0.002636,0.004834692000000001,0.014969567000000001,/home/tests/npd_store0.c
cppcheck -q --error-exitcode=1 /home/tests/pass_gep0.c,0.007992566639999999,0.0016291174713931338,0.008407209,0.005357540000000003,0.002452199999999999,0.004395712,0.012419054,/home/tests/pass_gep0.c
cppcheck -q --error-exitcode=1 /home/tests/pass_gep1.c,0.00689959762,0.001730660956413296,0.0063014205,0.005170759999999999,0.00153862,0.004561006,0.010428472000000001,/home/tests/pass_gep1.c
cppcheck -q --error-exitcode=1 /home/tests/pass_load0.c,0.00854535508,0.0009968582726267569,0.008453068000000001,0.006260679999999999,0.00202338,0.006105210000000001,0.011053188,/home/tests/pass_load0.c
cppcheck -q --error-exitcode=1 /home/tests/pass_store0.c,0.011441160259999998,0.0025058074245486736,0.011931874000000002,0.008028939999999998,0.003156920000000001,0.005628274,0.015118344,/home/tests/pass_store0.c
